Nationality,Country ,Jan-2025,Feb-2025,Mar-2025,Apr-2025,May-2025,Jun-2025,Jul-2025,Aug-2025,Sep-2025,Oct-2025,Nov-2025,Dec-2025,YTD (Jan-Dec)-2025,Jan-2024,Feb-2024,Mar-2024,Apr-2024,May-2024,Jun-2024,Jul-2024,Aug-2024,Sep-2024,Oct-2024,Nov-2024,Dec-2024
Asia and the Pacific,,"2,387,127","1,918,859","1,684,357","1,707,015","1,739,611","1,774,807","1,841,726","1,880,237","1,708,042","1,786,788","1,778,718","1,989,334","22,196,621","1,955,313","2,319,923","2,063,087","2,069,461","2,137,118","2,197,566","2,369,020","2,304,928","2,013,906","1,952,024","2,075,472","2,362,800"
South-East Asia,,"908,215","837,071","746,585","788,706","826,041","863,823","740,625","747,768","765,119","744,009","716,406","782,033","9,466,401","735,661","944,998","817,836","859,777","944,514","980,085","967,013","883,873","887,356","825,721","837,314","976,631"
South-East Asia,Brunei,"1,306","1,075",856,949,"1,267","1,528","1,081","1,579",926,984,"1,521","2,044","15,116","1,142","1,328",996,"1,063","1,155","1,246","1,339","1,921","1,025","1,294","1,409","2,270"
South-East Asia,Cambodia,"46,001","43,533","41,087","30,607","36,430","19,994","12,813","4,479","5,002","5,278","5,783","2,550","253,557","47,963","45,404","46,499","42,732","46,384","47,125","49,135","46,242","43,436","43,590","45,367","49,183"
South-East Asia,Indonesia,"82,919","70,389","66,486","72,756","72,807","71,899","64,275","49,434","55,300","50,086","61,872","69,301","787,524","70,785","77,579","63,162","74,499","75,162","80,154","74,541","66,911","65,857","66,816","74,591","86,553"
South-East Asia,Laos,"94,271","78,253","92,192","80,468","74,464","79,291","63,430","67,682","55,279","60,942","59,282","62,814","868,368","102,319","100,613","105,165","95,010","104,273","111,412","118,503","82,791","79,490","67,865","85,555","71,206"
South-East Asia,Malaysia,"443,015","418,045","292,436","362,636","385,332","398,433","358,287","391,777","428,712","378,143","321,869","342,171","4,520,856","321,704","501,120","345,750","401,282","442,550","423,554","427,863","405,752","472,899","402,575","354,892","452,137"
South-East Asia,Myanmar,"50,067","44,157","57,188","58,320","56,312","63,468","47,796","51,660","53,325","64,152","65,171","77,062","688,678","35,742","39,616","51,358","56,698","47,830","43,701","44,547","41,702","38,354","43,317","43,725","60,039"
South-East Asia,Philippines,"48,987","47,601","51,046","60,389","63,908","64,860","61,162","60,713","55,080","61,299","63,665","65,865","704,575","35,418","37,911","42,504","43,856","44,695","57,067","59,361","53,721","46,279","56,008","61,551","59,753"
South-East Asia,Singapore,"77,555","64,585","81,349","61,321","76,706","107,501","73,196","70,640","73,522","77,095","89,176","114,695","967,341","65,188","66,414","83,489","62,938","82,219","105,202","75,176","84,267","72,993","79,144","100,968","131,642"
South-East Asia,Vietnam,"64,094","69,433","63,945","61,260","58,815","56,849","58,585","49,804","37,973","46,030","48,067","45,531","660,386","55,400","75,013","78,913","81,699","100,246","110,624","116,548","100,566","67,023","65,112","69,256","63,848"
North-East Asia,,"1,160,830","810,284","648,899","586,238","580,432","594,404","783,681","837,742","625,746","705,938","701,552","793,388","8,829,134","947,242","1,137,558","987,746","933,676","900,612","910,897","1,125,068","1,154,776","843,454","837,295","913,291","1,015,150"
North-East Asia,China,"662,779","371,542","297,113","317,213","310,292","306,617","420,770","409,691","321,309","357,445","326,974","372,247","4,473,992","508,563","674,558","573,216","595,572","559,461","528,112","688,248","657,366","469,668","459,819","483,364","535,215"
North-East Asia,Hong Kong (China),"69,047","43,411","37,395","52,965","41,826","51,345","66,823","72,802","40,295","50,513","51,004","65,732","643,158","47,831","67,278","78,463","59,401","64,981","81,602","97,896","107,831","59,891","62,126","66,244","82,532"
North-East Asia,Japan,"87,441","120,130","109,173","58,152","69,378","64,989","74,717","128,178","91,610","73,806","108,038","105,615","1,091,227","74,205","104,086","93,136","62,360","67,269","69,733","75,650","122,382","93,827","74,005","109,639","104,612"
North-East Asia,North Korea,2,12,2,15,1,3,0,63,1,3,2,1,105,0,0,22,4,15,0,0,0,0,0,2,0
North-East Asia,Korea (Republic of),"209,065","168,090","120,775","84,455","91,178","98,544","130,259","133,995","101,672","136,382","130,251","150,561","1,555,227","222,571","189,727","146,575","120,608","124,093","131,409","157,909","156,152","133,741","142,327","154,509","189,324"
North-East Asia,Macao (China),"3,635","1,976","1,993","2,907","2,573","2,978","4,631","5,488","3,055","3,241","3,548","4,887","40,912","1,947","3,424","4,268","3,774","3,842","4,720","7,217","8,992","3,647","3,276","4,100","6,173"
North-East Asia,Mongolia,"12,082","4,752","2,569",993,924,949,"1,069",676,926,974,"2,880","8,086","36,880","8,749","4,237","1,670",987,995,987,"1,096",951,859,949,"2,669","8,196"
North-East Asia,Taiwan,"116,779","100,371","79,879","69,538","64,260","68,979","85,412","86,849","66,878","83,574","78,855","86,259","987,633","83,376","94,248","90,396","90,970","79,956","94,334","97,052","101,102","81,821","94,793","92,764","89,098"
South Asia,,"226,506","207,348","221,738","247,481","266,036","244,051","231,652","231,472","248,687","257,898","281,678","318,399","2,982,946","198,708","184,134","191,100","204,881","231,397","232,550","195,376","201,587","210,321","210,803","243,913","269,158"
South Asia,Bangladesh,"13,237","10,433","6,202","11,266","10,884","13,875","12,399","11,005","12,093","13,352","13,167","16,420","144,333","13,469","13,853","7,264","13,989","10,046","12,814","12,111","8,847","10,247","12,327","11,983","15,318"
South Asia,Bhutan,"4,539","2,729","1,805","1,625","1,766","1,901","2,480","1,873","2,080","2,096","2,352","3,826","29,072","3,161","1,639","1,238","1,062","1,187","1,296","1,535","1,585","1,721","1,881","1,945","3,331"
South Asia,India,"185,809","169,988","187,973","206,286","228,544","205,299","189,303","190,604","207,195","213,858","236,232","266,228","2,487,319","162,831","148,992","161,129","170,635","198,993","197,489","158,676","165,757","171,694","168,747","203,489","220,717"
South Asia,Iran,"4,814","4,753","8,912","5,214","4,566","2,421","1,356","3,379","3,797","4,561","4,956","5,068","53,797","4,823","4,606","10,668","4,602","4,087","3,698","4,227","5,231","5,762","6,123","5,519","5,616"
South Asia,Maldives,"1,700","1,762","1,052","2,076","2,210","2,265","3,280","1,893","2,312","1,865","2,049","2,584","25,048","2,031","1,934",963,"2,006","4,416","3,017","1,932","1,917","3,032","1,817","2,137","3,234"
South Asia,Nepal,"4,414","4,431","4,292","3,576","3,530","3,264","4,187","4,581","4,634","5,675","3,758","4,154","50,496","3,751","3,109","3,219","2,799","2,924","3,438","3,667","3,552","3,205","5,956","3,642","4,503"
South Asia,Pakistan,"6,267","6,761","3,736","8,289","6,765","8,248","10,915","8,781","8,099","8,161","8,448","9,585","94,055","5,158","6,124","3,019","4,936","5,660","6,812","8,339","6,797","6,652","6,558","6,901","8,158"
South Asia,Sri Lanka,"5,726","6,491","7,766","9,149","7,771","6,778","7,732","9,356","8,477","8,330","10,716","10,534","98,826","3,484","3,877","3,600","4,852","4,084","3,986","4,889","7,901","8,008","7,394","8,297","8,281"
Other in Asia,,170,129,175,194,165,210,251,240,216,247,373,605,"2,975",73,85,115,121,95,68,86,138,100,159,177,279
Oceania,,"91,406","64,027","66,960","84,396","66,937","72,319","85,517","63,015","68,274","78,696","78,709","94,909","915,165","73,629","53,148","66,290","71,006","60,500","73,966","81,477","64,554","72,675","78,046","80,777","101,582"
Oceania,Australia,"82,116","57,499","59,395","75,067","58,601","62,474","75,384","54,841","60,191","70,055","69,202","83,857","808,682","65,905","47,045","59,172","62,887","52,920","64,883","70,772","56,146","64,839","69,339","70,937","90,165"
Oceania,New Zealand,"8,809","6,143","7,172","8,934","7,812","9,422","9,695","7,757","7,705","8,196","8,954","10,538","101,137","7,315","5,752","6,668","7,713","7,067","8,646","10,194","7,911","7,346","8,275","9,101","10,745"
  Other in Oceania,,481,385,393,395,524,423,438,417,378,445,553,514,"5,346",409,351,450,406,513,437,511,497,490,432,739,672
Europe,,"1,080,094","1,001,220","854,963","652,062","366,631","345,417","514,453","495,278","373,426","584,928","871,737","1,109,956","8,250,165","879,741","849,024","765,683","523,160","343,907","325,497","477,447","453,267","349,648","540,653","823,777","1,007,018"
Northern Europe,,"237,549","207,594","175,094","148,855","87,469","94,659","109,955","83,129","70,309","118,846","178,141","266,013","1,777,613","197,416","178,854","174,118","105,172","78,254","90,159","109,485","81,876","69,529","110,559","162,445","241,083"
Northern Europe,Denmark,"27,253","26,648","16,334","9,055","3,881","4,706","9,618","3,715","4,541","9,607","14,748","18,231","148,337","24,472","24,193","17,047","6,469","3,929","4,369","9,515","3,836","4,418","8,879","13,950","17,201"
Northern Europe,Finland,"18,314","14,438","11,375","3,947","2,575","2,908","1,769","1,394","2,472","4,613","12,659","17,442","93,906","17,235","13,511","10,459","3,365","2,527","2,690","1,685","1,491","2,518","4,268","10,956","16,823"
Northern Europe,Iceland,789,618,355,439,253,263,216,117,179,319,522,"1,497","5,567",603,431,475,216,187,265,228,174,175,288,434,"1,202"
Northern Europe,Ireland,"8,512","6,426","7,270","6,837","6,228","8,824","8,488","5,155","4,846","6,315","8,047","10,126","87,074","7,217","6,045","7,229","5,205","5,808","8,081","8,162","5,080","4,617","6,155","7,415","9,336"
Northern Europe,Norway,"19,174","16,612","10,277","7,925","3,231","8,806","10,539","3,265","4,328","6,298","11,178","21,101","122,734","14,747","13,361","10,665","4,085","2,945","7,606","12,665","3,637","4,228","5,970","10,021","19,801"
Northern Europe,Sweden,"41,975","35,536","23,215","10,421","4,467","9,272","7,971","3,969","4,912","12,747","23,011","59,337","236,833","38,022","31,626","22,564","7,754","4,437","9,040","8,096","3,598","5,001","12,021","21,042","49,322"
Northern Europe,United Kingdom,"121,532","107,316","106,268","110,231","66,834","59,880","71,354","65,514","49,031","78,947","107,976","138,279","1,083,162","95,120","89,687","105,679","78,078","58,421","58,108","69,134","64,060","48,572","72,978","98,627","127,398"
Western Europe,,"310,737","320,798","250,073","208,292","110,922","95,708","195,533","166,659","108,513","181,642","258,233","298,943","2,506,053","257,573","280,758","237,086","167,999","111,515","84,742","175,928","148,251","106,115","170,245","245,495","274,994"
Western Europe,Austria,"17,671","16,110","11,824","6,912","4,020","4,385","8,624","6,462","4,321","6,262","11,463","16,661","114,715","15,455","14,890","10,908","6,278","4,210","3,388","8,164","6,485","4,240","6,009","11,255","15,792"
Western Europe,Belgium,"13,029","13,697","8,953","9,823","5,728","6,640","14,414","7,758","6,390","9,439","13,049","13,427","122,347","10,781","11,786","9,160","7,533","5,008","5,838","12,416","7,055","5,667","8,557","11,418","12,827"
Western Europe,France,"110,515","128,630","75,971","67,141","38,745","29,693","60,185","59,026","29,166","55,383","73,123","89,357","816,935","86,504","105,918","63,611","58,805","37,093","28,082","52,706","53,825","28,684","53,389","72,379","79,810"
Western Europe,Germany,"112,828","114,138","114,276","82,859","38,595","34,535","51,074","62,649","45,952","76,709","111,382","120,901","965,898","95,817","103,746","115,470","60,191","42,778","28,429","46,550","50,466","44,851","70,099","103,356","111,611"
Western Europe,Luxembourg,652,763,634,897,279,192,495,769,288,389,728,818,"6,904",561,612,744,456,246,196,410,717,258,362,650,686
Western Europe,Netherlands,"32,826","25,251","20,955","21,494","15,413","12,359","44,002","22,704","13,505","19,537","26,681","29,616","284,343","27,442","22,720","18,183","19,768","14,431","11,775","40,074","22,757","13,690","17,975","25,845","26,807"
Western Europe,Switzerland,"23,216","22,209","17,460","19,166","8,142","7,904","16,739","7,291","8,891","13,923","21,807","28,163","194,911","21,013","21,086","19,010","14,968","7,749","7,034","15,608","6,946","8,725","13,854","20,592","27,461"
Central/Eastern Europe,,"403,183","362,982","330,564","200,940","110,170","98,373","110,064","106,938","105,056","195,917","316,786","402,546","2,743,519","338,388","310,322","282,227","183,015","106,198","96,448","109,355","102,956","103,792","178,461","303,939","368,878"
Central/Eastern Europe,Belarus,"5,347","4,516","4,178","2,215","1,185",846,"1,003",940,"1,145","2,731","3,986","4,087","32,179","2,130","1,913","1,618",789,422,443,521,833,"1,337","2,615","3,897","4,046"
Central/Eastern Europe,Bulgaria,"3,571","3,128","2,462","1,012",550,431,481,545,546,"1,181","2,439","3,815","20,161","3,030","2,747","1,937","1,039",572,409,410,373,444,983,"2,036","3,279"
Central/Eastern Europe,Czech Republic,"11,547","12,646","8,321","2,987","1,842","2,204","2,768","1,820","1,686","3,676","7,663","11,799","68,959","10,648","11,209","7,695","2,545","1,553","1,765","2,330","1,587","1,530","3,031","6,434","9,288"
Central/Eastern Europe,Estonia,"4,202","4,051","2,484",641,340,328,249,291,417,904,"2,392","3,911","20,210","3,347","3,274","2,039",664,353,299,265,276,498,826,"2,229","3,223"
Central/Eastern Europe,Hungary,"8,830","6,849","4,571","2,575","1,093","1,110","1,199","1,090","1,059","2,122","3,899","7,175","41,572","7,556","5,946","4,304","1,681","1,039",885,"1,104",970,916,"2,074","3,543","6,927"
Central/Eastern Europe,Kazakhstan,"31,906","26,121","23,517","10,286","5,632","5,752","6,243","5,711","4,929","9,566","15,007","21,950","166,620","30,400","27,682","26,961","10,746","6,597","7,331","7,531","6,940","6,343","13,741","23,802","27,015"
Central/Eastern Europe,Kyrgyzstan,"3,397","2,092","1,046",804,601,477,460,456,682,753,"1,529","2,377","14,674","1,506","1,050",618,538,360,247,392,519,843,991,"1,949","2,994"
Central/Eastern Europe,Latvia,"2,047","1,596","1,778",684,413,329,340,323,418,935,"2,078","2,397","13,338","1,740","1,494","1,485",625,435,327,267,316,369,784,"1,616","1,911"
Central/Eastern Europe,Lithuania,"4,418","4,010","3,183","1,333",882,803,753,603,823,"2,133","3,936","4,088","26,965","3,669","3,952","2,714","1,341",944,894,710,626,753,"1,747","2,982","3,149"
Central/Eastern Europe,Poland,"39,420","40,307","24,059","9,838","6,052","5,415","6,948","6,942","8,176","12,691","36,938","40,784","237,570","32,708","25,959","18,490","8,571","5,383","4,726","5,204","5,119","6,280","10,594","29,514","28,174"
Central/Eastern Europe,Romania,"8,921","8,537","5,338","4,149","1,900","1,495","1,713","1,787","1,966","3,777","6,524","12,386","58,493","6,025","6,140","4,092","3,136","1,587","1,168","1,154","1,585","1,678","3,351","5,237","9,944"
Central/Eastern Europe,Russian Federation,"255,920","230,600","235,682","155,314","83,627","73,616","81,098","79,573","76,907","145,764","214,523","266,213","1,898,837","219,167","204,742","198,904","144,397","81,263","72,516","83,358","78,437","76,974","129,893","205,766","249,910"
Central/Eastern Europe,Slovakia,"5,104","5,895","4,455","2,287","1,153","1,258","1,255","1,145","1,125","1,836","3,735","6,073","35,321","3,941","4,211","3,989","1,837","1,209","1,037","1,117",913,947,"1,637","3,414","4,657"
Central/Eastern Europe,Ukraine,"7,348","5,358","4,817","3,379","2,727","2,668","2,992","2,886","2,964","4,049","5,845","7,753","52,786","6,316","5,104","4,218","3,017","2,485","2,345","2,497","2,403","2,416","3,091","4,758","6,306"
Central/Eastern Europe,Uzbekistan,"11,205","7,276","4,673","3,436","2,173","1,641","2,562","2,826","2,213","3,799","6,292","7,738","55,834","6,205","4,899","3,163","2,089","1,996","2,056","2,495","2,059","2,464","3,103","6,762","8,055"
Southern/Medit. Europe,,"123,968","106,112","95,335","91,471","56,494","55,275","97,415","136,896","88,081","86,122","114,356","137,567","1,189,092","83,639","76,781","69,986","65,617","46,821","53,249","81,611","118,957","68,906","79,739","108,612","117,942"
Southern/Medit. Europe,Croatia,"2,263","1,848","1,161",618,416,342,440,470,437,675,"1,513","2,321","12,504","1,483","1,240",969,433,269,204,268,426,409,589,"1,441","2,225"
Southern/Medit. Europe,Cyprus,544,471,424,387,221,199,436,684,174,293,369,754,"4,956",428,352,246,262,213,147,281,497,249,265,406,596
Southern/Medit. Europe,Greece,"3,425","2,726","2,279","1,486",736,666,787,"1,684",763,"1,416","3,050","4,234","23,252","3,031","2,144","1,933","1,218",987,669,772,"1,633",771,"1,215","2,633","3,631"
Southern/Medit. Europe,Israel,"36,790","33,111","33,613","36,294","20,530","14,783","42,557","43,628","45,182","34,626","28,773","40,238","410,125","13,657","17,350","17,923","24,243","17,672","17,018","28,814","29,522","27,892","29,840","26,797","31,075"
Southern/Medit. Europe,Italy,"41,045","33,115","25,857","22,301","10,704","11,750","16,568","42,533","12,101","15,728","32,155","47,995","311,852","33,368","26,388","20,399","14,343","9,046","10,168","15,985","40,581","11,147","14,256","29,600","42,193"
Southern/Medit. Europe,Portugal,"5,222","4,811","5,232","6,465","3,087","3,193","3,255","4,173","2,680","4,608","8,016","6,755","57,497","3,934","4,330","5,951","4,145","2,940","2,818","3,496","4,998","3,494","4,668","7,405","6,614"
Southern/Medit. Europe,Serbia,"2,303","1,643","1,372",749,383,268,389,394,345,643,"1,455","1,711","11,655","1,908","1,447","1,020",648,346,229,330,285,331,514,"1,128","1,541"
Southern/Medit. Europe,Slovenia,"1,590","2,579","1,125",824,383,489,846,451,531,"1,251","1,365","2,043","13,477","1,512","1,957",942,816,354,544,787,420,467,"1,213","1,304","1,810"
Southern/Medit. Europe,Spain,"15,151","14,124","13,545","13,167","12,004","14,822","24,450","34,803","16,395","17,423","22,904","17,461","216,249","12,817","11,694","14,107","8,923","9,189","13,927","24,558","33,982","17,328","19,326","25,178","16,681"
Southern/Medit. Europe,Turkey,"15,635","11,684","10,727","9,180","8,030","8,763","7,687","8,076","9,473","9,459","14,756","14,055","127,525","11,501","9,879","6,496","10,586","5,805","7,525","6,320","6,613","6,818","7,853","12,720","11,576"
Other in Europe,,"4,657","3,734","3,897","2,504","1,576","1,402","1,486","1,656","1,467","2,401","4,221","4,887","33,888","2,725","2,309","2,266","1,357","1,119",899,"1,068","1,227","1,306","1,649","3,286","4,121"
America,,"177,614","155,136","151,520","119,491","98,871","106,358","108,122","83,570","80,411","127,589","184,408","184,951","1,578,041","146,288","138,484","135,962","108,172","97,076","107,002","105,775","84,697","82,427","117,937","176,700","176,558"
America,Canada,"36,225","32,298","28,198","18,725","15,098","11,828","14,141","12,038","12,010","20,307","30,797","32,289","263,954","31,004","29,786","25,546","19,048","15,907","12,921","13,771","12,396","12,142","19,187","29,718","29,910"
America,Mexico,"3,230","3,394","4,628","4,787","3,607","3,022","4,007","2,870","3,949","5,509","7,117","4,024","50,144","2,660","2,710","4,382","2,820","3,260","2,744","3,301","2,572","4,001","5,166","6,373","3,824"
America,The United States of America,"118,038","102,542","100,051","80,506","68,251","81,717","81,096","60,011","54,398","83,929","122,462","128,928","1,081,929","97,046","91,483","91,719","75,204","68,257","83,542","81,334","61,700","56,819","80,999","118,423","124,207"
America,Argentina,"4,861","3,462","3,396","2,331","1,618","1,080",983,944,"1,041","2,195","3,254","2,893","28,058","3,940","3,003","2,403","1,743","1,344","1,204","1,006",922,"1,171","1,703","2,510","2,525"
America,Brazil,"7,789","6,245","7,068","5,336","4,159","3,064","2,781","2,848","3,163","7,499","10,703","9,448","70,103","6,853","6,002","6,267","4,725","3,615","3,061","2,661","2,739","2,999","4,404","10,840","9,077"
America,Chile,"2,127","2,620","1,772","1,468","1,156",863,814,664,956,"1,282","1,768","1,261","16,751","1,885","2,540","1,707","1,594","1,252",975,909,889,"1,141","1,253","1,839","1,194"
America,Colombia,"2,011","1,517","2,568","2,468","2,054","1,969","1,776","1,654","2,021","3,096","3,525","2,642","27,301",941,881,"1,285",906,909,975,883,"1,297","1,776","2,031","2,661","2,470"
America,Peru,776,749,844,688,693,573,532,535,629,846,"1,075",787,"8,727",663,745,728,669,677,495,531,541,632,753,"1,049",861
America,Uruguay,325,361,441,580,300,336,141,121,125,243,364,234,"3,571",243,196,539,197,555,93,245,125,98,202,349,225
  Other in America,,"2,232","1,948","2,554","2,602","1,935","1,906","1,851","1,885","2,119","2,683","3,343","2,445","27,503","1,053","1,138","1,386","1,266","1,300",992,"1,134","1,516","1,648","2,239","2,938","2,265"
Middle East,,"49,839","32,831","18,708","50,561","48,650","82,462","128,882","107,871","59,260","57,087","59,984","56,375","752,510","44,223","35,346","8,455","45,071","44,106","97,083","137,816","105,097","60,381","53,937","56,991","53,703"
Middle East,Bahrain,"2,011",950,696,"1,949","2,114","4,093","4,875","5,061","2,163","2,741","2,209","2,283","31,145","1,724","1,280",442,"1,842","1,825","4,803","5,674","5,523","2,618","3,106","2,206","2,476"
Middle East,Egypt,"1,286","1,251","1,130","1,430","1,482","1,766","1,615","1,298","1,650","1,857","2,002","2,343","19,110","1,204","1,181",459,"1,551","1,244","1,926","1,364","1,258","1,290","1,716","1,603","1,994"
Middle East,Iraq,884,"1,025",895,"1,381",863,"1,120",944,"1,520","1,573","1,344","2,201","1,894","15,644",391,504,193,434,420,481,382,589,453,390,721,679
Middle East,Jordan,"1,570","1,427","1,295","1,921","1,624","2,163","2,380","2,312","2,089","2,240","2,496","2,698","24,215",732,882,283,"1,122",972,"1,810","1,889","2,013","2,223","2,352","1,991","2,163"
Middle East,Kuwait,"8,489","4,086","2,065","4,637","5,735","8,398","13,552","18,096","6,981","4,858","5,171","5,164","87,232","8,600","4,506","1,255","4,771","5,992","10,851","14,833","18,945","7,118","4,678","4,761","4,639"
Middle East,Lebanon,516,545,891,524,449,488,475,411,383,509,839,996,"7,026",351,464,397,707,354,551,462,444,360,366,520,852
Middle East,Oman,"8,099","6,325","1,213","7,675","6,340","14,599","20,438","18,072","11,535","9,766","9,371","6,144","119,577","8,114","4,730",964,"5,525","6,881","11,518","20,401","16,229","10,846","9,759","8,350","6,991"
Middle East,Qatar,"2,384","1,757","1,851","2,876","2,234","4,334","10,015","7,998","2,256","3,049","1,774","3,448","43,976","1,841","1,759",703,"3,577","2,172","6,458","9,540","7,329","2,108","2,785","1,706","3,490"
Middle East,Saudi Arabia,"17,431","9,231","4,469","15,774","15,963","26,623","34,391","22,340","16,163","15,484","22,518","12,668","213,055","14,166","11,931","1,493","13,922","13,695","35,609","41,023","21,068","19,668","15,701","24,209","15,547"
Middle East,U.A.E.,"5,728","5,170","3,451","11,083","10,487","16,825","38,107","28,781","13,007","13,703","9,563","17,074","172,979","6,150","6,931","1,974","10,316","9,226","20,673","39,491","29,504","11,970","11,432","8,991","13,269"
Middle East,Yemen,727,491,274,802,847,"1,337","1,333","1,216",881,960,"1,028",815,"10,711",531,652,96,653,724,"1,327","1,620","1,215",896,936,997,745
 Other in Middle East,,714,573,478,509,512,716,757,766,579,576,812,848,"7,840",419,526,196,651,601,"1,076","1,137",980,831,716,936,858
Africa,,"14,428","11,399","10,909","17,987","12,811","13,731","17,186","16,682","14,713","17,351","19,963","29,824","196,984","9,731","9,525","9,534","11,264","11,257","13,224","13,362","15,159","14,643","14,629","17,297","27,362"
Africa,Morocco,"2,720","1,989",829,"2,570","2,274","2,265","3,522","4,391","3,086","3,049","3,474","3,029","33,198",867,847,271,883,"1,015",646,"1,501","3,409","2,509","2,424","2,887","2,737"
Africa,South  Africa,"4,931","3,579","5,009","6,908","4,493","5,243","6,252","3,964","4,622","7,244","5,564","14,609","72,418","4,481","3,865","5,567","4,988","4,908","6,865","4,978","3,676","5,239","5,630","5,041","12,690"
Africa,Ethiopia,"1,113","1,163","1,111","1,263","1,357","1,301","1,606","1,651","1,237","1,280","1,311","1,127","15,520","1,040","1,239",988,"1,298","1,572","1,780","2,133","2,044","1,531","1,590","1,407","1,623"
Africa,Kenya,342,303,338,478,290,270,395,450,293,521,401,765,"4,846",336,243,402,465,378,410,441,776,656,585,855,"1,528"
Africa,Mauritius,"1,638","1,298","1,437","2,575","1,318","1,309","1,520","1,798","1,747","1,194","4,318","3,815","23,967",950,"1,049",880,"1,489",990,"1,082","1,219","1,410","1,430",968,"2,914","3,393"
 Other in Africa,,"3,684","3,067","2,185","4,193","3,079","3,343","3,891","4,428","3,728","4,063","4,895","6,479","47,035","2,057","2,282","1,426","2,141","2,394","2,441","3,090","3,844","3,278","3,432","4,193","5,391"
